Date,Log Return
2018-01-03,-0.000174072271668539
2018-01-04,0.0046343214690276816
2018-01-05,0.011320874563771285
2018-01-08,-0.003721154980430013
2018-01-09,-0.00011493421431671529
2018-01-10,-0.00022906615795480442
2018-01-11,0.005664091771565238
2018-01-12,0.010273230735771074
2018-01-16,-0.0050950139039227585
2018-01-17,0.016381194637060534
2018-01-18,0.0008927261975068266
2018-01-19,-0.00447244423123474
2018-01-22,-0.008214981739404166
2018-01-23,0.00022620410725060353
2018-01-24,-0.016057052460548366
2018-01-25,-0.018012187826201384
2018-01-26,0.002335154823326885
2018-01-29,-0.020915731105858593
2018-01-30,-0.005911772187619708
2018-01-31,0.002751497996685471
2018-02-01,0.002087843764070629
2018-02-02,-0.0443595654713554
2018-02-05,-0.025301857036028816
2018-02-06,0.04094199250448636
2018-02-07,-0.021639585441547374
2018-02-08,-0.02790229786214614
2018-02-09,0.012157121876482503
2018-02-12,0.03948897682171998
2018-02-13,0.009968272233942824
2018-02-14,0.018268933605633114
2018-02-15,0.03302688033544367
2018-02-16,-0.003242299705826779
2018-02-20,-0.003369343660756684
2018-02-21,-0.004549264939608427
2018-02-22,0.008324306701111506
2018-02-23,0.017241809652702257
2018-02-26,0.01957926419114448
2018-02-27,-0.0032459287667079
2018-02-28,-0.0015148793535276236
2018-03-01,-0.01767121629042634
2018-03-02,0.006890449647114555
2018-03-05,0.00345574073018422
2018-03-06,-0.0008485240867139839
2018-03-07,-0.009326488072349098
2018-03-08,0.010853423538475612
2018-03-09,0.01703491632138721
2018-03-12,0.009621458532610802
2018-03-13,-0.009676855196194016
2018-03-14,-0.008537892513398752
2018-03-15,0.0011761034122046198
2018-03-16,-0.0035327416863044497
2018-03-19,-0.015396995143900704
2018-03-20,-0.00034222894208582475
2018-03-21,-0.02291509745549881
2018-03-22,-0.014230809022663765
2018-03-23,-0.023428876868818393
2018-03-26,0.046379562510417784
2018-03-27,-0.025975575441792274
2018-03-28,-0.011110418192415717
2018-03-29,0.007778311576416532
2018-04-02,-0.0065775832750399115
2018-04-03,0.010206737681847338
2018-04-04,0.018941967393923405
2018-04-05,0.006910041726085243
2018-04-06,-0.025911604490603837
2018-04-09,0.009869432508497727
2018-04-10,0.01864322582556114
2018-04-11,-0.004686515409931918
2018-04-12,0.009810323829353035
2018-04-13,0.003382356241071512
2018-04-16,0.0062187924856792354
2018-04-17,0.013670131049526028
2018-04-18,-0.0022466994592474604
2018-04-19,-0.02874944257990579
2018-04-20,-0.04183520166849281
2018-04-23,-0.0029005920623421267
2018-04-24,-0.01401695466464932
2018-04-25,0.004347955073093863
2018-04-26,0.003476965866149814
2018-04-27,-0.011637111140726126
2018-04-30,0.017950105490157037
2018-05-01,0.022970447419277222
2018-05-02,0.04322709658666682
2018-05-03,0.001810571709342511
2018-05-04,0.038483385928984086
2018-05-07,0.007208757943314307
2018-05-08,0.004795108580506282
2018-05-09,0.007016713929780931
2018-05-10,0.014202768845311008
2018-05-11,-0.0038108837834973214
2018-05-14,-0.0023355940641821686
2018-05-15,-0.009130403699585307
2018-05-16,0.009289609212833777
2018-05-17,-0.006343696317067482
2018-05-18,-0.003643442111114034
2018-05-21,0.007060312697441528
2018-05-22,-0.0025078643896083806
2018-05-23,0.006390937045461971
2018-05-24,-0.0011154524383617487
2018-05-25,0.0022826723366485033
2018-05-29,-0.003612322830905393
2018-05-30,-0.0021310732675053133
2018-05-31,-0.003365748301795255
2018-06-01,0.017873363504812462
2018-06-04,0.008323196678263388
2018-06-05,0.007685489372891949
2018-06-06,0.0034598731809005238
2018-06-07,-0.002684245271756583
2018-06-08,-0.009139293685002658
2018-06-11,-0.0024547239083409357
2018-06-12,0.005475898805306006
2018-06-13,-0.008251216193602489
2018-06-14,0.0005242282699098219
2018-06-15,-0.01032571548440914
2018-06-18,-0.0005295850840586833
2018-06-19,-0.016291656546662116
2018-06-20,0.0043524540947398535
2018-06-21,-0.005591837096691455
2018-06-22,-0.0029161920657691303
2018-06-25,-0.014982816192878312
2018-06-26,0.012329578931710222
2018-06-27,-0.0014649568734840712
2018-06-28,0.007249704018942076
2018-06-29,-0.002104583984667195
2018-07-02,0.011120666589015787
2018-07-03,-0.017569999377845327
2018-07-05,0.008014968174218828
2018-07-06,0.013766815688630201
2018-07-09,0.013789608868254073
2018-07-10,-0.001207818028754089
2018-07-11,-0.0130607058496763
2018-07-12,0.0166267872055845
2018-07-13,0.0015691478990014101
2018-07-16,-0.00219729378400153
2018-07-17,0.002824483840648845
2018-07-18,-0.0054995339778380935
2018-07-19,0.00774281999061124
2018-07-20,-0.0022956706103616415
2018-07-23,0.0008876326172501676
2018-07-24,0.007228235513915294
2018-07-25,0.009386007249251937
2018-07-26,-0.003135964711259598
2018-07-27,-0.016771543530093993
2018-07-30,-0.005618375707356628
2018-07-31,0.001998573210667252
2018-08-01,0.057240396978540754
2018-08-02,0.028811822150932555
2018-08-03,0.002888978369007873
2018-08-06,0.005178973785123368
2018-08-07,-0.009419040088303465
2018-08-08,0.0006758892187835618
2018-08-09,0.007833967154115372
2018-08-10,-0.0029828988337651744
2018-08-13,0.006435893076732532
2018-08-14,0.004204198255552897
2018-08-15,0.0023337668756110317
2018-08-16,0.014543421722854472
2018-08-17,0.01977306874864018
2018-08-20,-0.00979097987883797
2018-08-21,-0.0019513425767720464
2018-08-22,4.662260107138712e-05
2018-08-23,0.0020439346205579937
2018-08-24,0.003104510550120125
2018-08-27,0.008200745544354222
2018-08-28,0.008043214792700574
2018-08-29,0.014818971033196645
2018-08-30,0.009151511703429743
2018-08-31,0.011487899547489267
2018-09-04,0.003201866913384215
2018-09-05,-0.0065460902135835095
2018-09-06,-0.016756999873919445
2018-09-07,-0.008101208055587983
2018-09-10,-0.013511296212742593
2018-09-11,0.024968499177595204
2018-09-12,-0.012496767996356947
2018-09-13,0.023868187494235513
2018-09-14,-0.011416209231330231
2018-09-17,-0.026986897114372077
2018-09-18,0.0016511416543665723
2018-09-19,0.0005951230947024236
2018-09-20,0.007573199707752916
2018-09-21,-0.0108298104104355
2018-09-24,0.014278034336252505
2018-09-25,0.006320444587442448
2018-09-26,-0.007997985753858477
2018-09-27,0.020343305300607045
2018-09-28,0.003505969792349747
2018-10-01,0.006710754929429683
2018-10-02,0.008849319070175428
2018-10-03,0.012094897734331589
2018-10-04,-0.01773735750433664
2018-10-05,-0.016361543607857226
2018-10-08,-0.0023213877674055066
2018-10-09,0.013758586648961386
2018-10-10,-0.04743344026910467
2018-10-11,-0.00886719420916162
2018-10-12,0.035096112147850606
2018-10-15,-0.021617711568483113
2018-10-16,0.02179810858172551
2018-10-17,-0.00433102966943287
2018-10-18,-0.0236511069555874
2018-10-19,0.01511531857107273
2018-10-22,0.006091539365540709
2018-10-23,0.009382391438298882
2018-10-24,-0.03490390759655639
2018-10-25,0.021661537998337685
2018-10-26,-0.016051312435114182
2018-10-29,-0.018948833272969975
2018-10-30,0.004982044247847867
2018-10-31,0.02573250786071446
2018-11-01,0.015235632774190589
2018-11-02,-0.06863283238533271
2018-11-05,-0.02879929600915548
2018-11-06,0.010756061104691834
2018-11-07,0.029877366257863126
2018-11-08,-0.0034948315907796755
2018-11-09,-0.019469902906864105
2018-11-12,-0.05168728909815104
2018-11-13,-0.01004161542863305
2018-11-14,-0.028653794907954905
2018-11-15,0.024379068474828354
2018-11-16,0.011014773278967894
2018-11-19,-0.04043891539341157
2018-11-20,-0.048956960093674846
2018-11-21,-0.0011306117340974954
2018-11-23,-0.02572693137864496
2018-11-26,0.013432976165118238
2018-11-27,-0.002178427603828585
2018-11-28,0.03773197297302345
2018-11-29,-0.007712027702688825
2018-11-30,-0.0054167029348101605
2018-12-03,0.034345443809458594
2018-12-04,-0.044985268672077104
2018-12-06,-0.01121253150070871
2018-12-07,-0.03630817429545962
2018-12-10,0.006566368151000659
2018-12-11,-0.005735589856114016
2018-12-12,0.002783285051293379
2018-12-13,0.010880714153020062
2018-12-14,-0.03252095136702334
2018-12-17,-0.009349605250725758
2018-12-18,0.012908872863752682
2018-12-19,-0.03168837280889744
2018-12-20,-0.02555878585034889
2018-12-21,-0.03967204173214791
2018-12-24,-0.026214682382025855
2018-12-26,0.06805244843744382
2018-12-27,-0.006511089313567228
2018-12-28,0.0005124606041728923
2018-12-31,0.009618857998277877
2019-01-02,0.0011402665290246037
2019-01-03,-0.10492452391259388
2019-01-04,0.041803368301209565
2019-01-07,-0.0022282691246012995
2019-01-08,0.018883723522408837
2019-01-09,0.016839506337938386
2019-01-10,0.0031907109694981274
2019-01-11,-0.009866281147827291
2019-01-14,-0.015151524021184151
2019-01-15,0.020260339192935312
2019-01-16,0.012142231589902694
2019-01-17,0.005920431206459639
2019-01-18,0.006140358363681943
2019-01-22,-0.022701751845939862
2019-01-23,0.004035849883166125
2019-01-24,-0.007957606953771349
2019-01-25,0.03260004474891125
2019-01-28,-0.009297762319706348
2019-01-29,-0.010418999188800637
2019-01-30,0.0661011320955535
2019-01-31,0.007175409640410454
2019-02-01,0.00048059280662021475
2019-02-04,0.028009038108619034
2019-02-05,0.016964640712870637
2019-02-06,0.0003444741303659499
2019-02-07,-0.01912105105712277
2019-02-08,0.0011742837740237697
2019-02-11,-0.005767627209714926
2019-02-12,0.008580519548404672
2019-02-13,-0.004163569251280492
2019-02-14,0.0036365904085333594
2019-02-15,-0.0022269727032657566
2019-02-19,0.0029879089039534456
2019-02-20,0.00641479521749104
2019-02-21,-0.0056545311013477
2019-02-22,0.01110362754533339
2019-02-25,0.007258257762195768
2019-02-26,0.0005741340654258036
2019-02-27,0.003092409066298059
2019-02-28,-0.009884332805720451
2019-03-01,0.010455909181977054
2019-03-04,0.005017126097925009
2019-03-05,-0.001821556394979923
2019-03-06,-0.005770744142488714
2019-03-07,-0.011641807674831965
2019-03-08,0.002373695604560045
2019-03-11,0.03405591694817465
2019-03-12,0.011172407557501937
2019-03-13,0.004412610102916381
2019-03-14,0.011055252837029982
2019-03-15,0.012924459181686778
2019-03-18,0.010156660402557671
2019-03-19,-0.007956391709207427
2019-03-20,0.008700704369839303
2019-03-21,0.03616812710086338
2019-03-22,-0.02092543508838458
2019-03-25,-0.012164866071831442
2019-03-26,-0.010385522943379256
2019-03-27,0.008953964207784718
2019-03-28,0.001325286261175698
2019-03-29,0.006496564993034306
2019-04-01,0.00676822684765854
2019-04-02,0.014432283797567565
2019-04-03,0.006831506782470542
2019-04-04,0.001739065358981331
2019-04-05,0.006671922776139725
2019-04-08,0.015613549814867931
2019-04-09,-0.003003048530866167
2019-04-10,0.005598086162243396
2019-04-11,-0.008358919305941735
2019-04-12,-0.00040204768248070736
2019-04-15,0.0018086655244561251
2019-04-16,0.00010018488454488604
2019-04-17,0.01928585006459632
2019-04-18,0.0035875219507451213
2019-04-22,0.0032807866870055097
2019-04-23,0.01432050777990974
2019-04-24,-0.0015435715152332748
2019-04-25,-0.009116528698066517
2019-04-26,-0.00478516617019764
2019-04-29,0.0015160734824594332
2019-04-30,-0.019443851467856942
2019-05-01,0.047918817988045315
2019-05-02,-0.0065290597683831
2019-05-03,0.012354839384496157
2019-05-06,-0.015563422043774762
2019-05-07,-0.02732710437404408
2019-05-08,0.00019716902088421284
2019-05-09,-0.01080235470175836
2019-05-10,-0.01395031503420545
2019-05-13,-0.05987658214581709
2019-05-14,0.01570621983194246
2019-05-15,0.01190805224834414
2019-05-16,-0.004409615915568579
2019-05-17,-0.005697915738289024
2019-05-20,-0.03176922175775189
2019-05-21,0.018989638775553208
2019-05-22,-0.020684265763813683
2019-05-23,-0.0172170527788109
2019-05-24,-0.0038481058703858802
2019-05-28,-0.004143096251453934
2019-05-29,-0.004780641691490372
2019-05-30,0.005173098885646674
2019-05-31,-0.01828143910146615
2019-06-03,-0.01016161725321439
2019-06-04,0.035930585804389605
2019-06-05,0.016014366085481232
2019-06-06,0.014575207040642472
2019-06-07,0.026268873693754465
2019-06-10,0.012698202708148911
2019-06-11,0.011513242589203972
2019-06-12,-0.0031878121035579243
2019-06-13,-0.0002056334716173943
2019-06-14,-0.00728899692796855
2019-06-17,0.005948553727396601
2019-06-18,0.023246257759061112
2019-06-19,-0.0029271185779059152
2019-06-20,0.008003747638876976
2019-06-21,-0.003415111202757274
2019-06-24,-0.0010066728103206755
2019-06-25,-0.015273569947144391
2019-06-26,0.02139846613242534
2019-06-27,-0.0003003619759218805
2019-06-28,-0.009153770925365595
2019-07-01,0.018174708375757992
2019-07-02,0.005837588221419488
2019-07-03,0.00825280025941719
2019-07-05,-0.0008810196753864646
2019-07-08,-0.020829361698566584
2019-07-09,0.006080855002357144
2019-07-10,0.00983989870715854
2019-07-11,-0.007308993775690902
2019-07-12,0.007653416980364341
2019-07-15,0.009351457755476515
2019-07-16,-0.0034660343605375887
2019-07-17,-0.0056394458494347065
2019-07-18,0.011295920237310825
2019-07-19,-0.015040239090664216
2019-07-22,0.02259659512209317
2019-07-23,0.007787349200217591
2019-07-24,-0.0008141423850919886
2019-07-25,-0.007938704560482636
2019-07-26,0.0034719287958317876
2019-07-29,0.009295214425143432
2019-07-30,-0.004301425805028346
2019-07-31,0.02019870691329401
2019-08-01,-0.02187673945270102
2019-08-02,-0.021385172530258678
2019-08-05,-0.05376782019446866
2019-08-06,0.018753733175249615
2019-08-07,0.010301845103796666
2019-08-08,0.021816201340456948
2019-08-09,-0.00827456005204427
2019-08-12,-0.0025406765033963333
2019-08-13,0.041476278052649806
2019-08-14,-0.03021690166510703
2019-08-15,-0.00499397785908365
2019-08-16,0.02332067650829168
2019-08-19,0.018472440480250762
2019-08-20,4.746196752327834e-05
2019-08-21,0.010780111558463364
2019-08-22,-0.0008466878717483062
2019-08-23,-0.04732293266655332
2019-08-26,0.018821257362190664
2019-08-27,-0.01134830335282421
2019-08-28,0.0066879878199799835
2019-08-29,0.016790259378079302
2019-08-30,-0.0012925290945706418
2019-09-03,-0.014670732516389073
2019-09-04,0.016823995185321194
2019-09-05,0.01936316583833597
2019-09-06,-9.392420546804155e-05
2019-09-09,0.0042578272139209275
2019-09-10,0.011744022782845656
2019-09-11,0.03129993310438125
2019-09-12,-0.0022387523569270006
2019-09-13,-0.019645811852505187
2019-09-16,0.005243668421749996
2019-09-17,0.003631247759377164
2019-09-18,0.009335576227355076
2019-09-19,-0.008157943463474086
2019-09-20,-0.014725823904127293
2019-09-23,0.004536416571489238
2019-09-24,-0.004766297783409142
2019-09-25,0.015272230513065383
2019-09-26,-0.005171097518382501
2019-09-27,-0.0048778187805113135
2019-09-30,0.023262741831455443
2019-10-01,0.0027641888842800453
2019-10-02,-0.02538728442317262
2019-10-03,0.00845867428933285
2019-10-04,0.027646091287195147
2019-10-07,0.00022050420746210555
2019-10-08,-0.011784165700595655
2019-10-09,0.011651966890590837
2019-10-10,0.013388362849900446
2019-10-11,0.026250824956588762
2019-10-14,-0.0014404631069548542
2019-10-15,-0.0023345887326339677
2019-10-16,-0.004045390554761384
2019-10-17,0.003875331836874274
2019-10-18,0.004791232634308317
2019-10-21,0.017194162204275207
2019-10-22,-0.0022892992852085905
2019-10-23,0.013329446403495645
2019-10-24,0.0016436730860749026
2019-10-25,0.012240989384034442
2019-10-28,0.009967315725685707
2019-10-29,-0.023399622050156162
2019-10-30,-0.0001233139751529008
2019-10-31,0.02235779984293257
2019-11-01,0.027985447662629226
2019-11-04,0.006545660409202253
2019-11-05,-0.001437765013247233
2019-11-06,0.00042744949698800017
2019-11-07,0.011475413365698206
2019-11-08,0.0027329406758387887
2019-11-11,0.007887377327476035
2019-11-12,-0.0009155218905568215
2019-11-13,0.009535886485056185
2019-11-14,-0.006943539355018284
2019-11-15,0.011809770253041597
2019-11-18,0.0050288985200788935
2019-11-19,-0.0030366717665152626
2019-11-20,-0.011710062071954805
2019-11-21,-0.004493282908381807
2019-11-22,-0.0008784630833684059
2019-11-25,0.017382112059880203
2019-11-26,-0.007839519299287423
2019-11-27,0.013342838442513499
2019-11-29,-0.0022049661286875134
2019-12-02,-0.011629888883417917
2019-12-03,-0.01799086906040902
2019-12-04,0.008787640288701154
2019-12-05,0.014564126579999916
2019-12-06,0.019132211219782286
2019-12-09,-0.014098724224124014
2019-12-10,0.005827216889337266
2019-12-11,0.00849327128731639
2019-12-12,0.0025447165887805684
2019-12-13,0.013501947175644692
2019-12-16,0.016972692362524373
2019-12-17,0.0019638511837444094
2019-12-18,-0.0023924520212525767
2019-12-19,0.0010002351301466623
2019-12-20,-0.00207305127780553
2019-12-23,0.016186517316879406
2019-12-24,0.0009500566053384162
2019-12-26,0.019646140900665895
2019-12-27,-0.00037944608207118527
2019-12-30,0.00591779042950563
2019-12-31,0.007280158545075585
2020-01-02,0.0225596356834431
2020-01-03,-0.009769919586008823
2020-01-06,0.007936777561736148
2020-01-07,-0.004713962766517393
2020-01-08,0.01595790074402308
2020-01-09,0.021018633483342618
2020-01-10,0.002258029096907677
2020-01-13,0.021139484015871318
2020-01-14,-0.013595548927999097
2020-01-15,-0.004294147761701039
2020-01-16,0.012448176358009344
2020-01-17,0.01101039907116885
2020-01-21,-0.006800154658289603
2020-01-22,0.003563373645577578
2020-01-23,0.0048043069808532835
2020-01-24,-0.0028862169340987433
2020-01-27,-0.029846298221118502
2020-01-28,0.02789652761955732
2020-01-29,0.02071643609744829
2020-01-30,-0.0014505538943598373
2020-01-31,-0.04535150330925625
2020-02-03,-0.002749942046815708
2020-02-04,0.032480502751171744
2020-02-05,0.008121132448691133
2020-02-06,0.011629142688597521
2020-02-07,-0.013685735473072357
2020-02-10,0.0047380158571616576
2020-02-11,-0.006051495021746122
2020-02-12,0.0234701721214963
2020-02-13,-0.007146500611184396
2020-02-14,0.0002462578345564769
2020-02-18,-0.01848013713380147
2020-02-19,0.014378471562156304
2020-02-20,-0.0103116673327072
2020-02-21,-0.022895199781776926
2020-02-24,-0.04866572686155453
2020-02-25,-0.034458902438959424
2020-02-26,0.015739168879468593
2020-02-27,-0.06760265080733045
2020-02-28,-0.0005852226599688863
2020-03-02,0.08901858227569784
2020-03-03,-0.03227467735505554
2020-03-04,0.04534083041122855
2020-03-05,-0.03297457632142847
2020-03-06,-0.01336928028598352
2020-03-09,-0.08239527120065732
2020-03-10,0.06954631597344084
2020-03-11,-0.03534775581056775
2020-03-12,-0.10397792297399189
2020-03-13,0.11315739835020873
2020-03-16,-0.13770811023624022
2020-03-17,0.04303089883741023
2020-03-18,-0.024784727389077717
2020-03-19,-0.007691494309558909
2020-03-20,-0.06559037803283213
2020-03-23,-0.021472973300528216
2020-03-24,0.0956060431109208
2020-03-25,-0.005523947881452608
2020-03-26,0.05128508610601725
2020-03-27,-0.042283913900702276
2020-03-30,0.02813840421624177
2020-03-31,-0.0020427465437790194
2020-04-01,-0.05405181738940044
2020-04-02,0.016548908017426908
2020-04-03,-0.014475555423615515
2020-04-06,0.08364005006083963
2020-04-07,-0.011649933247031506
2020-04-08,0.025272524746652703
2020-04-09,0.007189862192994499
2020-04-13,0.019437782406595695
2020-04-14,0.04926924235703231
2020-04-15,-0.009169191632882906
2020-04-16,0.007914084927427316
2020-04-17,-0.013661580694881173
2020-04-20,-0.020974806769724668
2020-04-21,-0.03139795339081519
2020-04-22,0.028396126038919417
2020-04-23,-0.003883129352535084
2020-04-24,0.028460829840879588
2020-04-27,0.0007067533834294995
2020-04-28,-0.01634202613276008
2020-04-29,0.03231692248787805
2020-04-30,0.020876802789946452
2020-05-01,-0.016230068037882475
2020-05-04,0.014049452502548368
2020-05-05,0.014897378064446267
2020-05-06,0.010264375297694979
2020-05-07,0.010291702884395425
2020-05-08,0.023522550879951934
2020-05-11,0.015613235588318298
2020-05-12,-0.011494410628693661
2020-05-13,-0.012147394518887631
2020-05-14,0.006124442344635899
2020-05-15,-0.005929267462153694
2020-05-18,0.023287673230850497
2020-05-19,-0.005795157013832665
2020-05-20,0.01926149081021038
2020-05-21,-0.007483511566492373
2020-05-22,0.006417988094932376
2020-05-26,-0.006796714905424399
2020-05-27,0.004347613387733389
2020-05-28,0.00043991767073900764
2020-05-29,-0.0009744132426354114
2020-06-01,0.012222868116946374
2020-06-02,0.0046185468290032795
2020-06-03,0.005490051386977208
2020-06-04,-0.008649588254499152
2020-06-05,0.028082953111157303
2020-06-08,0.005895487131521068
2020-06-09,0.03108966489204675
2020-06-10,0.025401864097069536
2020-06-11,-0.04920122765975293
2020-06-12,0.008596396401975456
2020-06-15,0.012291592282031793
2020-06-16,0.026156844570792495
2020-06-17,-0.0013924747940796767
2020-06-18,0.0003979455175205064
2020-06-19,-0.005730839359814492
2020-06-22,0.025827060728433167
2020-06-23,0.021120352927402466
2020-06-24,-0.017809505270590685
2020-06-25,0.0131883650297529
2020-06-26,-0.031207889811620874
2020-06-29,0.022785085995518598
2020-06-30,0.008312922911614019
2020-07-01,-0.0018933486392796967
2020-07-02,0.0
2020-07-06,0.02639874451180244
2020-07-07,-0.0031075792734446507
2020-07-08,0.023022959918757413
2020-07-09,0.00429106244362421
2020-07-10,0.001747805923066888
2020-07-13,-0.004623864963153433
2020-07-14,0.016412991865915858
2020-07-15,0.006853595078224265
2020-07-16,-0.012381112198645124
2020-07-17,-0.002022479497949491
2020-07-20,0.020855141757905905
2020-07-21,-0.013897841555113826
2020-07-22,0.0028053255522151655
2020-07-23,-0.046584971781250005
2020-07-24,-0.0024802668598426633
2020-07-27,0.02342396000004014
2020-07-28,-0.01656413274210271
2020-07-29,0.01898696376168763
2020-07-30,0.012027450859777368
2020-07-31,0.09956362689653822
2020-08-03,0.02488539579490337
2020-08-04,0.0066559181168985414
2020-08-05,0.0036181049713075726
2020-08-06,0.03429442999145096
2020-08-07,-0.022998115984189427
2020-08-10,0.014430099063146119
2020-08-11,-0.030191098880452055
2020-08-12,0.03269392951618429
2020-08-13,0.01754297454758144
2020-08-14,-0.0008917960690036342
2020-08-17,-0.002614274590105155
2020-08-18,0.00829839141065755
2020-08-19,0.0012538262025227791
2020-08-20,0.021947008083702275
2020-08-21,0.050248689113630944
2020-08-24,0.011889282209948424
2020-08-25,-0.00823754178909523
2020-08-26,0.013507286352035408
2020-08-27,-0.012026428182816152
2020-08-28,-0.001621068261081232
2020-08-31,0.033349607440722726
2020-09-01,0.039059928426022274
2020-09-02,-0.020935970924703798
2020-09-03,-0.08344791367180193
2020-09-04,0.0006617711356361241
2020-09-08,-0.06966630258084289
2020-09-09,0.03911149021655116
2020-09-10,-0.03319045101230557
2020-09-11,-0.013215944073368381
2020-09-14,0.02955888466680678
2020-09-15,0.0015591417439137407
2020-09-16,-0.029958052242979948
2020-09-17,-0.016092278875407696
2020-09-18,-0.03223409699155492
2020-09-21,0.029875028599336186
2020-09-22,0.015593445397086694
2020-09-23,-0.042851233144170955
2020-09-24,0.010216428304117583
2020-09-25,0.03682954397755516
2020-09-28,0.023588874411176165
2020-09-29,-0.007596935075521972
2020-09-30,0.014963439729389313
2020-10-01,0.00842650235912329
2020-10-02,-0.03281267115697661
2020-10-05,0.030326326708478603
2020-10-06,-0.029088547602422757
2020-10-07,0.01682501629690192
2020-10-08,-0.0009563215677020535
2020-10-09,0.017246263268169207
2020-10-12,0.06158477062230154
2020-10-13,-0.026885551028686325
2020-10-14,0.000742793531235909
2020-10-15,-0.003968477295793753
2020-10-16,-0.014099529434979833
2020-10-19,-0.025873871711036327
2020-10-20,0.013105883271398864
2020-10-21,-0.005461347199442898
2020-10-22,-0.009629516812704285
2020-10-23,-0.0061530039517364524
2020-10-26,8.695427361664553e-05
2020-10-27,0.01338259743983025
2020-10-28,-0.047418892948416
2020-10-29,0.036380594076180425
2020-10-30,-0.05764823424921615
2020-11-02,-0.0008271773346411576
2020-11-03,0.015236941745359698
2020-11-04,0.04002483500443898
2020-11-05,0.034878285045146784
2020-11-06,-0.0011368455263939322
2020-11-09,-0.020169961238867322
2020-11-10,-0.003013573346854825
2020-11-11,0.029901139184184466
2020-11-12,-0.002346078022714007
2020-11-13,0.0004194286101730139
2020-11-16,0.008682640510484707
2020-11-17,-0.007593080132929815
2020-11-18,-0.011456657312529185
2020-11-19,0.005154962920089693
2020-11-20,-0.011018127929746125
2020-11-23,-0.030194049930619648
2020-11-24,0.011527612970333155
2020-11-25,0.007439492225827682
2020-11-27,0.004814734448493039
2020-11-30,0.0208800840283876
2020-12-01,0.03036188380387528
2020-12-02,0.0029291932234007854
2020-12-03,-0.001138231891824772
2020-12-04,-0.005628340893107454
2020-12-07,0.01219542632423469
2020-12-08,0.005077991887576036
2020-12-09,-0.02112519349189326
2020-12-10,0.011917363641913198
2020-12-11,-0.006757502515514494
2020-12-14,-0.0051598611263986
2020-12-15,0.04887601400553303
2020-12-16,-0.0005475924142249555
2020-12-17,0.006939327371098767
2020-12-18,-0.01597765782300263
2020-12-21,0.01231915137607222
2020-12-22,0.028066910547796666
2020-12-23,-0.00700053179788422
2020-12-24,0.007682465609658387
2020-12-28,0.03514115296082771
2020-12-29,-0.013404297035430699
2020-12-30,-0.008563172332017885
2020-12-31,-0.007732525048243385
2021-01-04,-0.02502988360873867
2021-01-05,0.012287943453995618
2021-01-06,-0.03424107366377097
2021-01-07,0.0335541412671912
2021-01-08,0.008594094521516674
2021-01-11,-0.023523628766048545
2021-01-12,-0.0013962873787432472
2021-01-13,0.016096479541296886
2021-01-14,-0.01524286988396144
2021-01-15,-0.013825625576021192
2021-01-19,0.005412512111908855
2021-01-20,0.03232803754113122
2021-01-21,0.036002300261454935
2021-01-22,0.015945564274843223
2021-01-25,0.027307782638298143
2021-01-26,0.0016778782319148314
2021-01-27,-0.007713361807105464
2021-01-28,-0.03561190795896022
2021-01-29,-0.03813863130789881
2021-02-01,0.01638487316281083
2021-02-02,0.006317014598337358
2021-02-03,-0.007808954002650209
2021-02-04,0.02543154049651063
2021-02-05,-0.0031026431418554904
2021-02-08,0.0010962375652338637
2021-02-09,-0.0065954090440893155
2021-02-10,-0.0045690601558534645
2021-02-11,-0.0019220784325929454
2021-02-12,0.0017744196514005793
2021-02-16,-0.016235176631318363
2021-02-17,-0.01780121991703142
2021-02-18,-0.00867402359632652
2021-02-19,0.00123269017812562
2021-02-22,-0.030252169917869363
2021-02-23,-0.0011114864068483203
2021-02-24,-0.004060514654061863
2021-02-25,-0.03540198672580825
2021-02-26,0.0022292221782717015
2021-03-01,0.05245116645793179
2021-03-02,-0.021115036330323453
2021-03-03,-0.024760522127644177
2021-03-04,-0.015938456663717807
2021-03-05,0.010681382293126403
2021-03-08,-0.042566671533794724
2021-03-09,0.03984506602363428
2021-03-10,-0.00920890872702878
2021-03-11,0.016367942137214268
2021-03-12,-0.007654667569343311
2021-03-15,0.02416265339421049
2021-03-16,0.012662428154504602
2021-03-17,-0.006471512776404551
2021-03-18,-0.03449321795864739
2021-03-19,-0.004490453680233119
2021-03-22,0.027941791708429652
2021-03-23,-0.006912690531056785
2021-03-24,-0.020196068508070385
2021-03-25,0.004155045706346591
2021-03-26,0.005128255241068369
2021-03-29,0.0014838960893573034
2021-03-30,-0.012350461429501115
2021-03-31,0.018591929628454754
2021-04-01,0.006934428137743902
2021-04-05,0.023303566810526852
2021-04-06,0.002459201736044502
2021-04-07,0.013301498376696053
2021-04-08,0.019051126582942376
2021-04-09,0.020049112637870375
2021-04-12,-0.013321014682141863
2021-04-13,0.024015688529490153
2021-04-14,-0.01801418089930973
2021-04-15,0.018534736386165276
2021-04-16,-0.002530871145707007
2021-04-19,0.005055701699797046
2021-04-20,-0.01291327444334265
2021-04-21,0.0029255782908543778
2021-04-22,-0.011754020469924418
2021-04-23,0.01787755033169172
2021-04-26,0.0029736884337591826
2021-04-27,-0.002452240372838097
2021-04-28,-0.006045618054852374
2021-04-29,-0.0007487571708766416
2021-04-30,-0.015249482607174685
2021-05-03,0.008182301233425249
2021-05-04,-0.03602720408087621
2021-05-05,0.0019538202483272127
2021-05-06,0.012721224516580238
2021-05-07,0.005313133540163095
2021-05-10,-0.026143176578435096
2021-05-11,-0.007437946245101614
2021-05-12,-0.025254714731320828
2021-05-13,0.017761030607638895
2021-05-14,0.0196503989888714
2021-05-17,-0.00930160593113265
2021-05-18,-0.01130938164481947
2021-05-19,-0.0012824935891642064
2021-05-20,0.020794423074801904
2021-05-21,-0.01487727657122129
2021-05-24,0.01322645200755537
2021-05-25,-0.0015748601516104245
2021-05-26,-0.00039402581449724737
2021-05-27,-0.01245410178912324
2021-05-28,-0.005362317988863487
2021-06-01,-0.0026518677384590266
2021-06-02,0.006256556058887915
2021-06-03,-0.012228745934946042
2021-06-04,0.01884371267698356
2021-06-07,7.931922124102194e-05
2021-06-08,0.006649893733133692
2021-06-09,0.0030723576389821783
2021-06-10,-0.008055643121063334
2021-06-11,0.009784617471541164
2021-06-14,0.024280900463047875
2021-06-15,-0.006458547549780778
2021-06-16,0.003926072454664633
2021-06-17,0.012522125299727857
2021-06-18,-0.0101429057019937
2021-06-21,0.014005171262292317
2021-06-22,0.01261852028653732
2021-06-23,-0.002091670343779042
2021-06-24,-0.002171664894425163
2021-06-25,-0.0022515845855862484
2021-06-28,0.012468302423835582
2021-06-29,0.011434562322949315
2021-06-30,0.004610229832747178
2021-07-01,0.0022611667527038365
2021-07-02,0.01940697511497295
2021-07-06,0.014611134849431993
2021-07-07,0.01779597997095662
2021-07-08,-0.009242332207459831
2021-07-09,0.012970619746043757
2021-07-12,-0.004212511190115974
2021-07-13,0.007857903751391662
2021-07-14,0.023814893568625872
2021-07-15,-0.004502143936015975
2021-07-16,-0.014176401116252655
2021-07-19,-0.027282981519594626
2021-07-20,0.02564235556686013
2021-07-21,-0.005144803991652849
2021-07-22,0.009582628895418553
2021-07-23,0.011917722151808917
2021-07-26,0.0028903478418833522
2021-07-27,-0.015012641725085756
2021-07-28,-0.01227094111496347
2021-07-29,0.004541965378968502
2021-07-30,0.0015098803114191072
2021-08-02,-0.002334081091778178
2021-08-03,0.012565256512502208
2021-08-04,-0.002786234733938174
2021-08-05,0.000748229055118691
2021-08-06,-0.004778471525634092
2021-08-09,-0.00034221763558497535
2021-08-10,-0.0033594516767514937
2021-08-11,0.0017839759201125867
2021-08-12,0.02056030246495884
2021-08-13,0.0014096993617341619
2021-08-16,0.013456926460263223
2021-08-17,-0.006172910295456174
2021-08-18,-0.02583204210850989
2021-08-19,0.002320426137335588
2021-08-20,0.010105481824211244
2021-08-23,0.01020488536512575
2021-08-24,-0.0006013180032183967
2021-08-25,-0.008457166731200613
2021-08-26,-0.005542267429033832
2021-08-27,0.0071587903454765935
2021-08-30,0.029963519878179246
2021-08-31,-0.0084600000186937
2021-09-01,0.0044682345320564325
2021-09-02,0.007447119395638176
2021-09-03,0.004221735386162023
2021-09-07,0.015370768321904073
2021-09-08,-0.01013479938342353
2021-09-09,-0.006727655454557991
2021-09-10,-0.03366235459364407
2021-09-13,0.0038860642449417165
2021-09-14,-0.009608084660380488
2021-09-15,0.006125002699366621
2021-09-16,-0.0016116449635846639
2021-09-17,-0.01851860244537867
2021-09-20,-0.02159239289702445
2021-09-21,0.0034220797733451446
2021-09-22,0.01673146595589593
2021-09-23,0.006696730024904749
2021-09-24,0.000612953170591683
2021-09-27,-0.010606026134016611
2021-09-28,-0.02408932189200033
2021-09-29,0.006462264824074294
2021-09-30,-0.009355407911358806
2021-10-01,0.008094207315060685
2021-10-04,-0.02491342062605351
2021-10-05,0.0140587860560799
2021-10-06,0.006287767772881388
2021-10-07,0.009043552157892246
2021-10-08,-0.0027258963778719
2021-10-11,-0.0006295460627824798
2021-10-12,-0.00914493143587496
2021-10-13,-0.004248820577840315
2021-10-14,0.020023679437804875
2021-10-15,0.007484779912773704
2021-10-18,0.011736707254366421
2021-10-19,0.014967439403970535
2021-10-20,0.0033556927248110206
2021-10-21,0.0014726523865306236
2021-10-22,-0.005298747911856391
2021-10-25,-0.0003365577714165323
2021-10-26,0.004564643504076016
2021-10-27,-0.0031526797315208706
2021-10-28,0.024684531740914846
2021-10-29,-0.018322568569803428
2021-11-01,-0.005623337699230582
2021-11-02,0.00709089360744085
2021-11-03,0.009751006602738324
2021-11-04,-0.0035046036198262405
2021-11-05,0.0035758322262131074
2021-11-08,-0.005567910137574778
2021-11-09,0.0024560292335472395
2021-11-10,-0.01934906496309737
2021-11-11,-0.0003378169675708076
2021-11-12,0.014234963416871922
2021-11-15,6.653431192515583e-05
2021-11-16,0.006644703128206189
2021-11-17,0.016355546174982815
2021-11-18,0.02813658885332777
2021-11-19,0.016833321078712733
2021-11-22,0.0029231757417214686
2021-11-23,0.002419277234933203
2021-11-24,0.0032779328296535354
2021-11-26,-0.03219081174448874
2021-11-29,0.021637709325164158
2021-11-30,0.03108950073687828
2021-12-01,-0.003211668502688929
2021-12-02,-0.006148645323505796
2021-12-03,-0.0117934078522443
2021-12-06,0.021274462271195498
2021-12-07,0.03483286770683989
2021-12-08,0.022527387234609987
2021-12-09,-0.00297472967602306
2021-12-10,0.027628009628509243
2021-12-13,-0.020890879076686637
2021-12-14,-0.008055528786815782
2021-12-15,0.02811029402786058
2021-12-16,-0.04005538892697033
2021-12-17,-0.006522938747507404
2021-12-20,-0.0081552656458464
2021-12-21,0.01890698547778797
2021-12-22,0.01520274209773644
2021-12-23,0.003637119137908246
2021-12-27,0.022715016011480578
2021-12-28,-0.005784017796542871
2021-12-29,0.0005017975386614206
2021-12-30,-0.006599880363142313
2021-12-31,-0.003541481240953522
2022-01-03,0.024696493614334892
2022-01-04,-0.012772748813498895
2022-01-05,-0.026959998904307315
2022-01-06,-0.01683415869845559
2022-01-07,0.0009877926728708072
2022-01-10,0.00011601360424221344
2022-01-11,0.016644752865357635
2022-01-12,0.00256684444547395
2022-01-13,-0.01921159731083159
2022-01-14,0.005097896962968195
2022-01-18,-0.01907501541635029
2022-01-19,-0.021248794949584683
2022-01-20,-0.010401044215290561
2022-01-21,-0.01284736987997285
2022-01-24,-0.004876364730627127
2022-01-25,-0.011449820116045707
2022-01-26,-0.0005633696545483827
2022-01-27,-0.002947655326272278
2022-01-28,0.06745082104886188
2022-01-31,0.02579039336992486
2022-02-01,-0.0009729454125760094
2022-02-02,0.007019376232896242
2022-02-03,-0.016861224990039614
2022-02-04,-0.0016807074046257266
2022-02-07,-0.004243562633740775
2022-02-08,0.018298531748506815
2022-02-09,0.008259284257437065
2022-02-10,-0.02388160575681042
2022-02-11,-0.02042584212236145
2022-02-14,0.001422260326564442
2022-02-15,0.022888705221155683
2022-02-16,-0.0013898734683828753
2022-02-17,-0.02149883175277291
2022-02-18,-0.009399923427503653
2022-02-22,-0.01797255663671731
2022-02-23,-0.026204579086899837
2022-02-24,0.01654263412936514
2022-02-25,0.012882081510321127
2022-02-28,0.0016365114881471967
2022-03-01,-0.011696284987317064
2022-03-02,0.0203791202609481
2022-03-03,-0.001982982496856552
2022-03-04,-0.01857965994461727
2022-03-07,-0.024003559844318796
2022-03-08,-0.011744808499852159
2022-03-09,0.03439911958840545
2022-03-10,-0.027562592575251368
2022-03-11,-0.024199275082258633
2022-03-14,-0.02692146628228088
2022-03-15,0.029245395768550404
2022-03-16,0.028602316063451087
2022-03-17,0.006433253640534284
2022-03-18,0.02070338507229319
2022-03-21,0.008501328378235846
2022-03-22,0.020587259726652322
2022-03-23,0.008199954901497707
2022-03-24,0.022424540476049196
2022-03-25,0.0037269743561892253
2022-03-28,0.0050242714390759955
2022-03-29,0.01895341646115333
2022-03-30,-0.006671538167176755
2022-03-31,-0.017935638988414215
2022-04-01,-0.0017197396965525696
2022-04-04,0.023416992451624475
2022-04-05,-0.019123576175219332
2022-04-06,-0.01862297195600318
2022-04-07,0.0018021700456368286
2022-04-08,-0.011980220814315764
2022-04-11,-0.025847133292978625
2022-04-12,0.011457554540545384
2022-04-13,0.016210442450797953
2022-04-14,-0.030447106741609737
2022-04-18,-0.0013317433581117222
2022-04-19,0.01401625126311614
2022-04-20,-0.0010156849346053029
2022-04-21,-0.004855579598820021
2022-04-22,-0.028215644063476472
2022-04-25,0.0067149030976192325
2022-04-26,-0.0380427310115519
2022-04-27,-0.0014680559873591888
2022-04-28,0.04416561435090808
2022-04-29,-0.03729132889427862
2022-05-02,0.0019643064009055096
2022-05-03,0.009576690471633809
2022-05-04,0.04018993246595952
2022-05-05,-0.05732866904436811
2022-05-06,0.004716081087021804
2022-05-09,-0.03375240412453458
2022-05-10,0.01598369111455296
2022-05-11,-0.0532334844396779
2022-05-12,-0.0272624999983538
2022-05-13,0.031417957292105426
2022-05-16,-0.01072999958800324
2022-05-17,0.025104750209146494
2022-05-18,-0.05807290884721977
2022-05-19,-0.024950163199151745
2022-05-20,0.0017455733751453
2022-05-23,0.03933538967522431
2022-05-24,-0.019403111774345158
2022-05-25,0.001139400752030501
2022-05-26,0.02293442522108471
2022-05-27,0.03994834713197947
2022-05-31,-0.0053606720631789884
2022-06-01,-0.0008738325458872194
2022-06-02,0.0166714211280858
2022-06-03,-0.039318376883887944
2022-06-06,0.00521393595834504
2022-06-07,0.01743301979745712
2022-06-08,-0.00505601544717283
2022-06-09,-0.03661806930266407
2022-06-10,-0.03939444245130863
2022-06-13,-0.03903696948953891
2022-06-14,0.006650234688952248
2022-06-15,0.01991195371040949
2022-06-16,-0.04045901914240222
2022-06-17,0.011467405967792818
2022-06-21,0.0322355533547009
2022-06-22,-0.0038347752928379014
2022-06-23,0.021344386090092655
2022-06-24,0.024221562509114426
2022-06-27,0.0
2022-06-28,-0.030242561688252546
2022-06-29,0.012939802335669897
2022-06-30,-0.018191999378674644
2022-07-01,0.01603492725740004
2022-07-05,0.018753397553617164
2022-07-06,0.009561653524518206
2022-07-07,0.023715779415538533
2022-07-08,0.004703773370029645
2022-07-11,-0.014867983930470311
2022-07-12,0.006810741974110602
2022-07-13,-0.002540325149844308
2022-07-14,0.02027573524528963
2022-07-15,0.011385239618738196
2022-07-18,-0.020859419905655856
2022-07-19,0.026371212235536932
2022-07-20,0.013419465275946165
2022-07-21,0.014981439915437027
2022-07-22,-0.008143996160580537
2022-07-25,-0.007425749617681867
2022-07-26,-0.00886534884161632
2022-07-27,0.033661696457624006
2022-07-28,0.0035651861713537135
2022-07-29,0.03226687979851641
2022-08-01,-0.006172526706261164
2022-08-02,-0.009330821037222875
2022-08-03,0.03753452751305335
2022-08-04,-0.0019280823424230528
2022-08-05,-0.0013898523324476326
2022-08-08,-0.002907294172428817
2022-08-09,0.0003031534622477646
2022-08-10,0.025857443733132354
2022-08-11,-0.004441413723057139
2022-08-12,0.02119927184127323
2022-08-15,0.006313342629026397
2022-08-16,-0.0009241628314532238
2022-08-17,0.008746232206185612
2022-08-18,-0.002294243124841124
2022-08-19,-0.015216994161365842
2022-08-22,-0.023298557701270005
2022-08-23,-0.002031134138003188
2022-08-24,0.001792102205989834
2022-08-25,0.01481253939468434
2022-08-26,-0.038428242623679526
2022-08-29,-0.013784890982972031
2022-08-30,-0.015423808200641164
2022-08-31,-0.010691683871451847
2022-09-01,0.004695720544211612
2022-09-02,-0.013704829817268735
2022-09-06,-0.00824882660168188
2022-09-07,0.009211251512368498
2022-09-08,-0.009664075389562984
2022-09-09,0.01866416240858663
2022-09-12,0.037785175000498473
2022-09-13,-0.06047162085459376
2022-09-14,0.009509977958966086
2022-09-15,-0.019111468472752934
2022-09-16,-0.011020631531759546
2022-09-19,0.024773388203177222
2022-09-20,0.015544174835422395
2022-09-21,-0.0204759402461926
2022-09-22,-0.006395440487713158
2022-09-23,-0.015239262795826446
2022-09-26,0.002257508967091234
2022-09-27,0.006544636635337931
2022-09-28,-0.012732055733946583
2022-09-29,-0.050366535478646904
2022-09-30,-0.030499746638651563
2022-10-03,0.030289260676367086
2022-10-04,0.02530045808408539
2022-10-05,0.0020508105571869733
2022-10-06,-0.006647520567824544
2022-10-07,-0.037409759092454566
2022-10-10,0.002352826069761677
2022-10-11,-0.010307609371382413
2022-10-12,-0.004615873096270287
2022-10-13,0.033060281826150416
2022-10-14,-0.03277115769515658
2022-10-17,0.028706790052031417
2022-10-18,0.009365450382431735
2022-10-19,0.0007648781888963915
2022-10-20,-0.003272352056456466
2022-10-21,0.026699345917620236
2022-10-24,0.014694384963195752
2022-10-25,0.01915296893683816
2022-10-26,-0.019822366715900777
2022-10-27,-0.03093912039791269
2022-10-28,0.0728343294843918
2022-10-31,-0.015530316184403562
2022-11-01,-0.017698303954034114
2022-11-02,-0.03801865848783962
2022-11-03,-0.043330349459222824
2022-11-04,-0.001949310283379813
2022-11-07,0.0038948281475819154
2022-11-08,0.0041663782655495555
2022-11-09,-0.033753291840257965
2022-11-10,0.0852366219375026
2022-11-11,0.019085275434247012
2022-11-14,-0.00953098283271316
2022-11-15,0.011799662218095818
2022-11-16,-0.008365899156044184
2022-11-17,0.012887772485011436
2022-11-18,0.003774822767842913
2022-11-21,-0.021918641708583788
2022-11-22,0.014554674510254034
2022-11-23,0.005908785305341778
2022-11-25,-0.01978817992810704
2022-11-28,-0.02661539303795276
2022-11-29,-0.02137507225990655
2022-11-30,0.04745008935540541
2022-12-01,0.001889673780685129
2022-12-02,-0.00337682171467437
2022-12-05,-0.008015263742984826
2022-12-06,-0.02569733035795213
2022-12-07,-0.013880765738692026
2022-12-08,0.012059719886355763
2022-12-09,-0.003441023893549169
2022-12-12,0.01625713659442501
2022-12-13,0.0067597271913458325
2022-12-14,-0.01565771641832534
2022-12-15,-0.047987571579551996
2022-12-16,-0.014686151865631492
2022-12-19,-0.01603757067954068
2022-12-20,-0.0005289471573916573
2022-12-21,0.023530592792752204
2022-12-22,-0.024059819883315466
2022-12-23,-0.002801770341303941
2022-12-27,-0.013975973234122365
2022-12-28,-0.031165627630049982
2022-12-29,0.027930338488013268
2022-12-30,0.002466138456180063
2023-01-03,-0.0381223247406196
2023-01-04,0.010261380702300245
2023-01-05,-0.010661102563698312
2023-01-06,0.03613305775835133
2023-01-09,0.0040806141064481495
2023-01-10,0.0044465021561725755
2023-01-11,0.020892380931876908
2023-01-12,-0.0005992278760081286
2023-01-13,0.010067954186728782
2023-01-17,0.008718430867032091
2023-01-18,-0.0053845785627181075
2023-01-19,0.0004437591019218317
2023-01-20,0.019038288605855998
2023-01-23,0.023228594157268707
2023-01-24,0.010012958039642307
2023-01-25,-0.0047118366528477364
2023-01-26,0.0146946697766813
2023-01-27,0.01359175956438459
2023-01-30,-0.02028265872538866
2023-01-31,0.008980628579126168
2023-02-01,0.007869721474753165
2023-02-02,0.036392113393434115
2023-02-03,0.02410702087533672
2023-02-06,-0.018091313856431316
2023-02-07,0.019061792274313767
2023-02-08,-0.017810383254897675
2023-02-09,-0.006935555614923692
2023-02-10,0.00245296563745181
2023-02-13,0.01863241227780408
2023-02-14,-0.004234037583459321
2023-02-15,0.013807702025071951
2023-02-16,-0.010483953340235047
2023-02-17,-0.007575485174559942
2023-02-21,-0.02704219074998197
2023-02-22,0.002891821844212376
2023-02-23,0.003285169618589748
2023-02-24,-0.01816917642447973
2023-02-27,0.00821351050182997
2023-02-28,-0.00345386515268883
2023-03-01,-0.014348188349799078
2023-03-02,0.00412059318205285
2023-03-03,0.034488427370962214
2023-03-06,0.018369466047687983
2023-03-07,-0.014602493125086886
2023-03-08,0.008342498100185749
2023-03-09,-0.015027148307460216
2023-03-10,-0.013975926367924045
2023-03-13,0.013178847474201436
2023-03-14,0.013990727099342256
2023-03-15,0.0026180700181754127
2023-03-16,0.018521309972969732
2023-03-17,-0.0054687790750705114
2023-03-20,0.015365286955329134
2023-03-21,0.011873202209406188
2023-03-22,-0.009144941329443695
2023-03-23,0.0069452369631590296
2023-03-24,0.008271321841848839
2023-03-27,-0.012369648433971234
2023-03-28,-0.003988222709566873
2023-03-29,0.01959763692958544
2023-03-30,0.009841202765717934
2023-03-31,0.015523105285873931
2023-04-03,0.007672115363473001
2023-04-04,-0.0032548756069057517
2023-04-05,-0.011354608119803863
2023-04-06,0.005480695656207234
2023-04-10,-0.01610111254155974
2023-04-11,-0.0076203237169390585
2023-04-12,-0.00436263205632862
2023-04-13,0.03353507660394434
2023-04-14,-0.0021161770803395947
2023-04-17,0.0001210504708860356
2023-04-18,0.007476747979063275
2023-04-19,0.006943949491858528
2023-04-20,-0.00586335294245351
2023-04-21,-0.009829012086399509
2023-04-24,0.0018767002116235755
2023-04-25,-0.009480452480174631
2023-04-26,-6.115750938844138e-05
2023-04-27,0.027999578222118456
2023-04-28,0.007512721423401121
2023-05-01,-0.0005303673283000424
2023-05-02,-0.006210727778631216
2023-05-03,-0.00648839039549115
2023-05-04,-0.009962759180688691
2023-05-05,0.045859046092680315
2023-05-08,-0.00040346523928967617
2023-05-09,-0.010021297088416172
2023-05-10,0.010367236333410051
2023-05-11,0.0010939429887316082
2023-05-12,-0.005432183657283254
2023-05-15,-0.0029015136402549997
2023-05-16,0.0
2023-05-17,0.0035967548925179586
2023-05-18,0.013573460978483054
2023-05-19,0.0006280318145535644
2023-05-22,-0.005495786471856069
2023-05-23,-0.01527089476057617
2023-05-24,0.001630836617442477
2023-05-25,0.0066698963846616695
2023-05-26,0.014006371452808178
2023-05-30,0.010603080160215082
2023-05-31,-0.00028218072519685335
2023-06-01,0.015895550398312783
2023-06-02,0.004764199153995755
2023-06-05,-0.007600079459319483
2023-06-06,-0.002062392964698307
2023-06-07,-0.007786640068239717
2023-06-08,0.015346791593077936
2023-06-09,0.002157506811648273
2023-06-12,0.01551776897928217
2023-06-13,-0.0026150124955479316
2023-06-14,0.0034851659118294675
2023-06-15,0.011136509795197716
2023-06-16,-0.0058770916115308035
2023-06-20,0.0004864069416409469
2023-06-21,-0.005691371133287321
2023-06-22,0.016390353541092705
2023-06-23,-0.0017127257961428084
2023-06-26,-0.007581768859049028
2023-06-27,0.014946785635145236
2023-06-28,0.0063080370089588405
2023-06-29,0.001794837027698695
2023-06-30,0.022839506172915497
2023-07-03,-0.007815078733133468
2023-07-05,-0.005888563833051159
2023-07-06,0.0025056164718387465
2023-07-07,-0.00590882054568806
2023-07-10,-0.010915220988587625
2023-07-11,-0.002813951908523503
2023-07-12,0.008945389875012812
2023-07-13,0.004049422862701513
2023-07-14,0.0007869733295067068
2023-07-17,0.017157353652443863
2023-07-18,-0.0013411531388306402
2023-07-19,0.007046843183934467
2023-07-20,-0.010148527836252256
2023-07-21,-0.006180835062560346
2023-07-24,0.004211070245745817
2023-07-25,0.004503554952465433
2023-07-26,0.004534707921351528
2023-07-27,-0.006602683614533982
2023-07-28,0.013417455206344756
2023-07-31,0.0031609722119198542
2023-08-01,-0.004285051848007383
2023-08-02,-0.015611298494749841
2023-08-03,-0.007348553817938962
2023-08-04,-0.04921130736749807
2023-08-07,-0.017404276844739552
2023-08-08,0.005297655587384851
2023-08-09,-0.008994632712131046
2023-08-10,-0.0012354271190252969
2023-08-11,0.00033756757914080973
2023-08-14,0.009349235075273214
2023-08-15,-0.011263423481875813
2023-08-16,-0.004971513749642377
2023-08-17,-0.014662233597547468
2023-08-18,0.0028122537813292884
2023-08-21,0.007706992676742747
2023-08-22,0.007873763441423216
2023-08-23,0.02171156658916408
2023-08-24,-0.02651910528143615
2023-08-25,0.012563956496176674
2023-08-28,0.008807157233227258
2023-08-29,0.021575956094244318
2023-08-30,0.01899078611410457
2023-08-31,0.0011715521798232017
2023-09-01,0.008427836155801638
2023-09-05,0.0012660019466405239
2023-09-06,-0.03644949982771873
2023-09-07,-0.029685895695148144
2023-09-08,0.0034857266628734473
2023-09-11,0.006600712531539067
2023-09-12,-0.017207770970615203
2023-09-13,-0.011925744638667277
2023-09-14,0.00874411259514985
2023-09-15,-0.004162418804255773
2023-09-18,0.01677184255205956
2023-09-19,0.006161662817250316
2023-09-20,-0.020194549073002308
2023-09-21,-0.008929419306504588
2023-09-22,0.004932327863849054
2023-09-25,0.007353525583172283
2023-09-26,-0.02367649132165371
2023-09-27,-0.008937365071339937
2023-09-28,0.0015244829131542184
2023-09-29,0.0030417408437639513
2023-10-02,0.014726595509151489
2023-10-03,-0.0078002395449252885
2023-10-04,0.007282023336392401
2023-10-05,0.007172275790950811
2023-10-06,0.014642778966139445
2023-10-09,0.008415732394828738
2023-10-10,-0.0033579372638006056
2023-10-11,0.007873099754952399
2023-10-12,0.005048420325874944
2023-10-13,-0.010346162614311477
2023-10-16,-0.0007272176853912393
2023-10-17,-0.008823536132665606
2023-10-18,-0.00742228346027162
2023-10-19,-0.002163288548785341
2023-10-20,-0.014813361569259486
2023-10-23,0.0006937733055408917
2023-10-24,0.00254014077314303
2023-10-25,-0.013583464825077897
2023-10-26,-0.024913313188102925
2023-10-27,0.007937715555773077
2023-10-30,0.012230214201381463
2023-10-31,0.002814856840706598
2023-11-01,0.018565256877858597
2023-11-02,0.020481970504600523
2023-11-03,-0.00519463756708947
2023-11-06,0.014499503135050907
2023-11-07,0.014347459205440756
2023-11-08,0.0058676735815168714
2023-11-09,-0.002627988239930886
2023-11-10,0.022954499442261824
2023-11-13,-0.00862061915664486
2023-11-14,0.014184538639680977
2023-11-15,0.0030364044181777077
2023-11-16,0.009001542224733343
2023-11-17,-0.00010557236383772565
2023-11-20,0.009235401423754789
2023-11-21,-0.004239735144462238
2023-11-22,0.0035083435550363746
2023-11-24,-0.007029038931720776
2023-11-27,-0.0009479516045592259
2023-11-28,0.0032087683832730017
2023-11-29,-0.005424183471488062
2023-11-30,0.0030581823034690823
2023-12-01,0.006768286519547076
2023-12-04,-0.009509657047341207
2023-12-05,0.02084441891390401
2023-12-06,-0.005703306970530307
2023-12-07,0.010088351708179195
2023-12-08,0.007384905659678564
2023-12-11,-0.013011629857926404
2023-12-12,0.007889023601732431
2023-12-13,0.01655371012446688
2023-12-14,0.000757260760930224
2023-12-15,-0.0027294353340791264
2023-12-18,-0.008539638941384153
2023-12-19,0.005345970753449344
2023-12-20,-0.010771792605949704
2023-12-21,-0.0007703309538416975
2023-12-22,-0.005562839088673918
2023-12-26,-0.0028450957471966645
2023-12-27,0.0005178490363061979
2023-12-28,0.002223875355176282
2023-12-29,-0.005438854752367252
